chunk,NSNP,chr,st,sp,max_abs_Z_AAM,max_abs_Z_HEIGHT,logBF_1,logBF_2,logBF_3,logBF_4,pi_1,pi_2,pi_3,pi_4,PPA_1,PPA_2,PPA_3,PPA_4
0,583,chr1,998395,1889075,2.66934,2.13416,-2.52898,-3.16175,-5.19782,-5.69252,0.040412,0.516692,0.0120106,0.0291475,0.00754658,0.0512464,0.000155506,0.000230111
1,2257,chr1,2004098,3561920,4.17347,8.94136,-0.72783,28.6887,28.7226,27.9602,0.040412,0.516692,0.0120106,0.0291475,1.2478e-14,0.951225,0.022875,0.0258999
2,2061,chr1,3591143,4379727,2.95764,3.8625,-2.84594,-1.27752,-3.47343,-4.12405,0.040412,0.516692,0.0120106,0.0291475,0.00427568,0.26235,0.00067849,0.000859054
3,5103,chr1,4380973,5913621,2.96774,3.77778,-2.7733,-2.60384,-4.89052,-5.37734,0.040412,0.516692,0.0120106,0.0291475,0.00570106,0.0863519,0.000203944,0.000304176
4,2618,chr1,5914245,7245922,3.59054,3.65061,-1.16665,-2.19652,-1.77199,-3.36436,0.040412,0.516692,0.0120106,0.0291475,0.0265039,0.120994,0.00429999,0.00212299
5,4073,chr1,7248555,9364634,5.10546,7.07317,2.96285,13.7873,11.7963,16.7502,0.040412,0.516692,0.0120106,0.0291475,7.43183e-07,0.477345,0.00151512,0.521139
6,2005,chr1,9366425,10801585,4.30104,5.625,-0.159774,5.69874,3.8983,5.5389,0.040412,0.516692,0.0120106,0.0291475,0.000211744,0.948094,0.00364135,0.0455833
7,1795,chr1,10815702,11774956,2.75888,6.5625,-2.74769,12.0314,8.99675,9.28343,0.040412,0.516692,0.0120106,0.0291475,2.96999e-08,0.995286,0.00111264,0.00359663
8,1752,chr1,11798735,12778598,2.76456,2.64706,-2.63569,-2.98637,-5.1907,-5.62262,0.040412,0.516692,0.0120106,0.0291475,0.00672174,0.0605213,0.000155207,0.000244551
9,3045,chr1,12779560,14876595,3.02643,3.54839,-2.41769,-2.23351,-4.24293,-4.65151,0.040412,0.516692,0.0120106,0.0291475,0.00781041,0.120056,0.000374144,0.000603432
10,4691,chr1,14895201,16840786,3.68356,3.45033,-2.56472,-2.20997,-4.67112,-4.77484,0.040412,0.516692,0.0120106,0.0291475,0.00673177,0.12272,0.000243436,0.00053257
11,3528,chr1,17220144,18659688,3.32751,13.3333,-2.093,76.4007,73.1962,74.3077,0.040412,0.516692,0.0120106,0.0291475,6.31648e-36,0.992162,0.000935895,0.00690161
12,4626,chr1,18664626,20464891,4.09074,5.9375,-0.225671,7.77186,4.4338,7.54618,0.040412,0.516692,0.0120106,0.0291475,2.5141e-05,0.955845,0.000788897,0.0430277
13,2883,chr1,20470148,21736019,4.54475,7,-0.922525,12.5643,9.75387,11.6417,0.040412,0.516692,0.0120106,0.0291475,1.06122e-07,0.976729,0.00136634,0.0219019
14,3481,chr1,21742212,23086096,3.57517,5.71429,-1.81089,6.02692,3.94828,4.21589,0.040412,0.516692,0.0120106,0.0291475,3.04306e-05,0.986157,0.00286773,0.00909491
15,1297,chr1,23087244,23908176,2.62362,9.31034,-2.57371,34.4857,31.8202,31.9115,0.040412,0.516692,0.0120106,0.0291475,6.25211e-18,0.994118,0.00160748,0.00427429
16,2733,chr1,23926256,25504468,2.92003,7.57576,-2.94342,18.9568,15.6867,16.0132,0.040412,0.516692,0.0120106,0.0291475,2.40149e-11,0.99616,0.000880023,0.00296017
17,2347,chr1,25570081,27401752,2.62362,7.10526,-3.14844,17.0941,14.1126,13.9454,0.040412,0.516692,0.0120106,0.0291475,1.26033e-10,0.996414,0.00117472,0.00241169
18,3570,chr1,27403761,30160934,2.48377,5.80645,-2.99991,7.78271,4.43632,4.78267,0.040412,0.516692,0.0120106,0.0291475,1.61708e-06,0.996063,0.000815266,0.00279741
19,5307,chr1,30163486,32438234,3.4455,7.03125,-2.53377,14.148,11.3556,11.6142,0.040412,0.516692,0.0120106,0.0291475,4.42493e-09,0.994133,0.00141593,0.00445011
20,3585,chr1,32452080,34798634,3.82646,3.92857,0.456458,-0.205863,-1.9171,0.250574,0.040412,0.516692,0.0120106,0.0291475,0.068939,0.454511,0.00190851,0.0404709
21,3429,chr1,34800325,37544223,3.24532,4.19355,-2.77946,-1.66898,-4.44038,-4.44863,0.040412,0.516692,0.0120106,0.0291475,0.00499598,0.193918,0.000282064,0.000678894
22,2437,chr1,37550839,38731090,3.34936,6.03774,-2.3014,9.91341,10.0094,7.60911,0.040412,0.516692,0.0120106,0.0291475,3.75912e-07,0.969689,0.0248124,0.00546079
23,2732,chr1,38732247,40199346,3.8674,4.60828,-0.975646,0.946275,-2.1239,-0.0293999,0.040412,0.516692,0.0120106,0.0291475,0.00856879,0.748723,0.000807786,0.0159207
24,3834,chr1,40201007,41974484,3.6522,10.2019,-1.80876,39.5898,38.4803,37.7807,0.040412,0.516692,0.0120106,0.0291475,8.06945e-20,0.983376,0.00753711,0.00908678
25,3676,chr1,41979156,43758278,3.45028,5.15151,-2.50724,3.94409,2.23096,1.43647,0.040412,0.516692,0.0120106,0.0291475,0.000120562,0.976592,0.00409301,0.00448782
26,1812,chr1,43759733,44965723,5.53013,4.11765,6.67179,-0.978409,3.57849,5.69334,0.040412,0.516692,0.0120106,0.0291475,0.767302,0.00466927,0.0103423,0.208028
27,3021,chr1,44969590,46897698,3.73195,7.24138,-1.64121,16.1488,12.7411,14.5075,0.040412,0.516692,0.0120106,0.0291475,1.45258e-09,0.988436,0.000760956,0.0108028
28,2066,chr1,46901546,48002447,3.37507,8,-2.35318,20.1574,18.5375,17.8036,0.040412,0.516692,0.0120106,0.0291475,1.29649e-11,0.990138,0.00455549,0.00530661
29,1869,chr1,48003081,48977584,2.59599,4.22222,-3.01699,-0.286474,-3.34759,-3.30379,0.040412,0.516692,0.0120106,0.0291475,0.00249384,0.489144,0.000532528,0.00135022
30,1225,chr1,48978515,49893541,2.79891,2.23881,-2.39051,-3.19804,-5.0707,-5.58942,0.040412,0.516692,0.0120106,0.0291475,0.00867311,0.0494528,0.000176701,0.000255269
31,1874,chr1,49897328,51712970,2.63153,7.45098,-2.60921,20.9089,17.9476,18.2995,0.040412,0.516692,0.0120106,0.0291475,4.75512e-12,0.994675,0.00119656,0.00412842
32,4120,chr1,51716152,54224270,3.69876,5.48387,-1.60893,2.94607,1.54129,1.33695,0.040412,0.516692,0.0120106,0.0291475,0.000776791,0.944583,0.00538867,0.0106605
33,5359,chr1,54227790,56412729,3.52719,6.4,-2.07939,8.4232,5.688,6.34375,0.040412,0.516692,0.0120106,0.0291475,2.12954e-06,0.991343,0.00149512,0.00699035
34,1650,chr1,56413519,57020945,2.96774,5.26098,-2.70957,4.7325,2.00144,2.02255,0.040412,0.516692,0.0120106,0.0291475,4.52876e-05,0.987987,0.00149624,0.00370856
35,4473,chr1,57021728,58864670,3.54676,3.85859,-2.09382,-2.46672,-4.55419,-4.56068,0.040412,0.516692,0.0120106,0.0291475,0.0110409,0.0972245,0.00028024,0.000675695
36,2460,chr1,58865399,59889530,3.80411,4.19355,-1.46091,-0.167974,-2.19615,-1.62903,0.040412,0.516692,0.0120106,0.0291475,0.0109672,0.510896,0.00156258,0.00668612
37,3645,chr1,59891260,61920769,3.45028,5.27778,-2.27058,2.43648,-0.849407,0.165839,0.040412,0.516692,0.0120106,0.0291475,0.000656837,0.929879,0.000808571,0.0054159
38,3200,chr1,61927876,63453677,3.011,3.88889,-2.77874,-1.56931,-4.4339,-4.34824,0.040412,0.516692,0.0120106,0.0291475,0.00489961,0.209958,0.000278222,0.000735581
39,3799,chr1,63455413,65039874,2.57583,3.65854,-3.23691,-1.27116,-4.35787,-4.50826,0.040412,0.516692,0.0120106,0.0291475,0.00289317,0.264126,0.000280286,0.000585228
40,4035,chr1,65041861,66939305,4.71645,4.73684,0.813141,1.70081,-0.196661,2.51394,0.040412,0.516692,0.0120106,0.0291475,0.024673,0.766395,0.00267131,0.0974902
41,3749,chr1,66939404,68477194,4.10748,5.45455,-1.46346,5.19734,3.35865,3.73376,0.040412,0.516692,0.0120106,0.0291475,9.80483e-05,0.979287,0.00362002,0.0127837
42,2561,chr1,68478666,69686319,3.68356,3.57143,-2.31897,-2.2197,-4.23863,-4.539,0.040412,0.516692,0.0120106,0.0291475,0.00859886,0.121416,0.000374799,0.000673575
43,3494,chr1,69688540,71371420,3.94142,3.10345,-1.2806,-2.72814,-2.13785,-4.00992,0.040412,0.516692,0.0120106,0.0291475,0.0250279,0.075246,0.0031563,0.00117811
44,661,chr1,71373738,71681377,3.25296,3.35106,-2.13439,-1.31402,-1.6435,-3.45426,0.040412,0.516692,0.0120106,0.0291475,0.00871536,0.2531,0.00423187,0.00167944
45,4300,chr1,71684405,74326154,5.51439,3.54082,4.93118,-2.14309,1.33966,2.78806,0.040412,0.516692,0.0120106,0.0291475,0.850801,0.0092094,0.00696793,0.0719734
46,4868,chr1,74327426,76728002,5.91593,4.54545,7.76281,-0.392566,5.32199,7.37023,0.040412,0.516692,0.0120106,0.0291475,0.657524,0.00241434,0.0170189,0.320263
47,6719,chr1,76729651,79659418,3.42707,7.25728,-2.46601,13.8136,10.945,11.3475,0.040412,0.516692,0.0120106,0.0291475,6.61434e-09,0.993926,0.00131181,0.00476124
48,4716,chr1,79661361,81352554,3.32532,3.66667,-2.91458,-2.00217,-4.56677,-4.91693,0.040412,0.516692,0.0120106,0.0291475,0.00462283,0.147192,0.000263283,0.000450182
49,6389,chr1,81356062,83990906,4.39652,3.58974,-0.679387,-2.52853,-3.58122,-3.20799,0.040412,0.516692,0.0120106,0.0291475,0.0440599,0.0886526,0.0007192,0.002535
50,1767,chr1,83991748,84843600,4.224,3.43037,1.07899,-1.67253,0.263412,-0.594391,0.040412,0.516692,0.0120106,0.0291475,0.183074,0.14941,0.0240703,0.024773
51,4028,chr1,84844495,86454503,3.43161,6.09756,-2.46936,6.46732,3.3276,3.99788,0.040412,0.516692,0.0120106,0.0291475,1.02117e-05,0.99305,0.000999403,0.00474108
52,3992,chr1,86455415,88127295,3.48076,5.9375,-2.38532,5.38866,2.24282,3.00327,0.040412,0.516692,0.0120106,0.0291475,3.25731e-05,0.990317,0.000990577,0.0051426
53,3733,chr1,88128663,90065471,2.87816,9.1562,-2.62859,31.4405,30.0787,28.8113,0.040412,0.516692,0.0120106,0.0291475,1.23864e-16,0.990075,0.00589631,0.00402895
54,3337,chr1,90066415,91882873,4.42599,3.40909,0.92143,-2.69744,0.0870011,-1.77724,0.040412,0.516692,0.0120106,0.0291475,0.182601,0.0625991,0.0235597,0.00886295
55,3099,chr1,91887372,93536361,2.92905,7.5,-3.07775,18.2622,14.8121,15.1843,0.040412,0.516692,0.0120106,0.0291475,4.2072e-11,0.996675,0.000735394,0.00258948
56,1954,chr1,93536459,94501972,3.09023,5.52632,-1.9012,4.4448,2.06911,2.5434,0.040412,0.516692,0.0120106,0.0291475,0.000134496,0.980535,0.00211859,0.00826166
57,3639,chr1,94509226,96150397,2.76456,4.375,-2.79358,-0.872154,-3.20259,-3.66601,0.040412,0.516692,0.0120106,0.0291475,0.00397988,0.34758,0.000785763,0.00119969
58,3727,chr1,96151539,97885200,3.91078,4.44444,-1.28034,1.12151,-0.0330577,-0.159022,0.040412,0.516692,0.0120106,0.0291475,0.00551838,0.779185,0.0057089,0.0122147
59,3808,chr1,97885249,99800131,4.825,3.82979,3.28091,-1.54984,-0.105755,1.73104,0.040412,0.516692,0.0120106,0.0291475,0.610158,0.0622581,0.00613321,0.093419
60,2045,chr1,99801599,100826105,3.70667,4,-1.51912,-0.517366,-2.54033,-2.03668,0.040412,0.516692,0.0120106,0.0291475,0.01223,0.425801,0.00130911,0.00525713
61,2642,chr1,100826703,102039804,2.88614,3.63636,-2.88791,-2.09068,-2.28873,-4.98216,0.040412,0.516692,0.0120106,0.0291475,0.00479604,0.136094,0.00259513,0.000426041
62,2508,chr1,102041558,102897158,4.37759,3.60273,-0.28933,-2.15272,1.85687,-2.46087,0.040412,0.516692,0.0120106,0.0291475,0.0529542,0.105041,0.134598,0.00435416
63,2517,chr1,102899784,103773269,1.95473,7.66667,-3.12271,18.0543,15.5133,14.9312,0.040412,0.516692,0.0120106,0.0291475,4.94688e-11,0.995704,0.0018235,0.00247245
64,5818,chr1,103916755,106086066,3.4455,3.55767,-2.42321,-2.5513,-4.16448,-4.97476,0.040412,0.516692,0.0120106,0.0291475,0.00803137,0.0903401,0.000418425,0.000451604
65,4871,chr1,106088624,108409038,3.13818,3.2679,-2.40331,-3.00025,-5.24691,-5.40372,0.040412,0.516692,0.0120106,0.0291475,0.0084719,0.0596284,0.000146581,0.000304097
66,3307,chr1,108409665,110299550,2.79438,5.55556,-2.92941,4.27153,1.47305,1.3419,0.040412,0.516692,0.0120106,0.0291475,5.74566e-05,0.98489,0.0013943,0.00296781
67,3025,chr1,110305188,111741188,2.74778,4.3639,-3.02368,-0.0218292,-1.9598,-3.04613,0.040412,0.516692,0.0120106,0.0291475,0.00215377,0.554123,0.00185476,0.00151894
68,3762,chr1,111742714,113263711,3.07571,7.14286,-2.80859,15.1688,11.9071,12.3601,0.040412,0.516692,0.0120106,0.0291475,1.21316e-09,0.995727,0.000886991,0.00338616
69,2690,chr1,113276156,114870307,3.51485,3.44828,-2.90328,-2.75519,-5.35864,-5.65879,0.040412,0.516692,0.0120106,0.0291475,0.00507197,0.0751992,0.000129385,0.000232577
70,2218,chr1,114877435,115879821,2.5505,3.38983,-3.04922,-2.62028,-5.32484,-5.6699,0.040412,0.516692,0.0120106,0.0291475,0.00433911,0.0851941,0.000132485,0.000227691
71,5541,chr1,115882503,118837888,3.06718,5.66667,-2.6382,5.00501,3.24475,2.36654,0.040412,0.516692,0.0120106,0.0291475,3.69953e-05,0.986894,0.00394578,0.00397894
72,3768,chr1,118840499,121350213,2.72098,12.6471,-3.01276,68.9353,65.6415,65.9224,0.040412,0.516692,0.0120106,0.0291475,4.41616e-33,0.996378,0.000859555,0.00276258
73,2943,chr1,145383170,147829352,4.18118,6.66667,0.248611,11.5342,8.52956,11.7828,0.040412,0.516692,0.0120106,0.0291475,9.14542e-07,0.931538,0.00107307,0.067381
74,2413,chr1,149782667,151538412,4.34386,14.8485,1.23175,98.1421,95.2046,99.3739,0.040412,0.516692,0.0120106,0.0291475,5.35098e-44,0.837123,0.00103125,0.161845
75,3023,chr1,151539293,153167865,3.09023,4.48718,-2.55556,0.27729,-1.93482,-2.27857,0.040412,0.516692,0.0120106,0.0291475,0.00287516,0.624704,0.00158965,0.00273558
76,2505,chr1,153181362,154769201,2.95232,4,-2.57729,-1.36148,-2.7958,-3.93956,0.040412,0.516692,0.0120106,0.0291475,0.00570166,0.245889,0.00136193,0.00105309
77,1576,chr1,154770785,156335111,3.13818,5.47217,-2.94061,3.99056,2.12176,1.04878,0.040412,0.516692,0.0120106,0.0291475,7.48305e-05,0.979416,0.00351311,0.00291567
78,3718,chr1,156336687,158027330,4.224,5.52632,-1.7591,5.63485,2.94488,3.87568,0.040412,0.516692,0.0120106,0.0291475,4.74283e-05,0.98608,0.00155599,0.00957821
79,4640,chr1,158028847,159912899,3.57517,2.89474,-2.51532,-2.94151,-4.72463,-5.45711,0.040412,0.516692,0.0120106,0.0291475,0.0075531,0.0630602,0.000246427,0.000287484
80,5014,chr1,159913388,162345294,3.64613,5.51724,-1.52732,4.61731,2.63534,3.08991,0.040412,0.516692,0.0120106,0.0291475,0.000163944,0.977231,0.00313021,0.0119681
81,6813,chr1,162347629,165190876,3.59855,4.03846,-1.73723,-1.2643,-3.20156,-3.00161,0.040412,0.516692,0.0120106,0.0291475,0.0127762,0.26213,0.000878028,0.00260245
82,2984,chr1,165191702,166459285,8.6149,4.66667,26.8158,-0.190797,25.847,26.6249,0.040412,0.516692,0.0120106,0.0291475,0.585232,1.39711e-11,0.0660172,0.34875
83,6133,chr1,166460696,169085119,3.9867,5.13514,-0.750006,1.24073,2.11432,0.490195,0.040412,0.516692,0.0120106,0.0291475,0.00810686,0.758818,0.0422539,0.0202095
84,4377,chr1,169087494,170554924,3.33198,3.93939,-2.21572,-1.81733,-1.95117,-4.03422,0.040412,0.516692,0.0120106,0.0291475,0.00895355,0.170505,0.00346693,0.00104791
85,5619,chr1,170560332,173095989,3.04467,12.5175,-3.11131,65.9078,62.7994,62.7963,0.040412,0.516692,0.0120106,0.0291475,8.26303e-32,0.996462,0.00103482,0.00250356
86,3368,chr1,173098399,175089094,4.23358,3.71429,0.464741,-2.34061,-2.59394,-1.87596,0.040412,0.516692,0.0120106,0.0291475,0.123416,0.0954428,0.0017221,0.00856857
87,4646,chr1,175090094,177433277,4.23358,8.69835,-1.99693,26.5972,23.2223,24.6003,0.040412,0.516692,0.0120106,0.0291475,2.96029e-14,0.991618,0.000788775,0.00759357
88,2939,chr1,177434054,178928512,7.03448,4.24242,15.2552,-0.958852,13.8389,14.2962,0.040412,0.516692,0.0120106,0.0291475,0.741537,8.61335e-07,0.0534671,0.204994
89,5529,chr1,178956553,181139190,3.91608,4.66667,-1.8973,-0.02574,-2.77004,-1.92309,0.040412,0.516692,0.0120106,0.0291475,0.00661379,0.549516,0.000821255,0.00464881
90,3586,chr1,181145529,182754545,3.30199,3.65854,-2.65557,-1.6696,-3.45605,-4.3256,0.040412,0.516692,0.0120106,0.0291475,0.00564869,0.193584,0.00075398,0.000766928
91,3893,chr1,182756967,184595346,2.97814,15.3125,-2.44383,104.684,101.348,102.24,0.040412,0.516692,0.0120106,0.0291475,2.32239e-48,0.994307,0.000822843,0.0048699
92,3236,chr1,184597866,186808626,2.86274,4.31204,-2.6833,-0.949671,-3.59125,-3.63317,0.040412,0.516692,0.0120106,0.0291475,0.004561,0.33013,0.000546756,0.00127241
93,5810,chr1,186812367,188759514,3.4408,3.125,-2.22102,-3.05528,-5.01913,-5.27644,0.040412,0.516692,0.0120106,0.0291475,0.0101804,0.0565165,0.00018434,0.000345865
94,2221,chr1,188761314,189903497,1.95996,2.53521,-3.24439,-2.93631,-5.34727,-6.18135,0.040412,0.516692,0.0120106,0.0291475,0.00365735,0.0636335,0.000132724,0.000139879
95,4437,chr1,189904643,191868441,3.62407,3.19719,-0.84847,-2.90121,-3.79339,-3.74981,0.040412,0.516692,0.0120106,0.0291475,0.0385806,0.0633284,0.000603201,0.00152906
96,4397,chr1,191869962,194106564,2.69684,3.0303,-2.95773,-3.06605,-5.07701,-6.02416,0.040412,0.516692,0.0120106,0.0291475,0.00490316,0.0562541,0.000175041,0.000164754
97,5690,chr1,194108024,196175902,2.96774,3.06667,-2.61996,-3.13006,-5.25134,-5.7502,0.040412,0.516692,0.0120106,0.0291475,0.00688366,0.052845,0.000147258,0.000217001
98,1773,chr1,196176201,197310777,1.68494,3.3778,-3.45707,-2.68401,-4.78436,-6.14248,0.040412,0.516692,0.0120106,0.0291475,0.00290532,0.0804729,0.000228989,0.000142899
99,3420,chr1,197311971,199239599,3.04848,4.11765,-2.94118,-1.35982,-4.29264,-4.30119,0.040412,0.516692,0.0120106,0.0291475,0.0039732,0.246966,0.000305679,0.000735509
100,2646,chr1,199240424,200136760,4.28946,4.10446,-0.322198,-0.394997,1.07355,-0.718634,0.040412,0.516692,0.0120106,0.0291475,0.0353439,0.420164,0.0424166,0.0171489
101,3681,chr1,200138612,201588593,2.99998,4.0625,-2.46481,-1.62308,-4.05202,-4.08807,0.040412,0.516692,0.0120106,0.0291475,0.00676637,0.200741,0.000411238,0.000962665
102,3037,chr1,201596186,203329647,3.05457,4.8,-2.6105,1.19811,-1.79894,-1.41253,0.040412,0.516692,0.0120106,0.0291475,0.00139705,0.805368,0.00093481,0.0033387
103,2380,chr1,203344039,204681010,3.53356,5.9375,-2.1787,7.24885,4.4214,5.07001,0.040412,0.516692,0.0120106,0.0291475,6.2423e-06,0.99175,0.00136391,0.00633159
104,2741,chr1,204682011,205921859,5.38862,5.17183,4.5738,2.7318,12.049,7.27857,0.040412,0.516692,0.0120106,0.0291475,0.00185831,0.00376592,0.974146,0.0200392
105,3282,chr1,206593900,208410160,3.69487,5.36546,-2.51351,4.12153,3.41794,1.60684,0.040412,0.516692,0.0120106,0.0291475,9.98607e-05,0.972026,0.0111801,0.00443538
106,5006,chr1,208410635,210787094,3.8674,4.53259,-1.76374,0.986075,-1.51904,-0.777729,0.040412,0.516692,0.0120106,0.0291475,0.00382737,0.765338,0.00145288,0.00739968
107,5090,chr1,210788318,212841934,2.87816,7.33333,-2.98164,15.6032,12.1094,12.6215,0.040412,0.516692,0.0120106,0.0291475,6.61334e-10,0.996446,0.000703802,0.00285025
108,3576,chr1,212842330,214576513,3.10543,4,-2.81347,-1.85029,-3.5915,-4.66428,0.040412,0.516692,0.0120106,0.0291475,0.00498897,0.167122,0.000681036,0.000565334
109,3772,chr1,214579060,216237754,2.99998,8.23529,-2.86724,22.9669,19.7727,20.0995,0.040412,0.516692,0.0120106,0.0291475,4.69746e-13,0.995857,0.000949138,0.00319366
110,6223,chr1,216245353,218705087,3.47545,10.625,-2.4634,45.4909,42.4304,43.0274,0.040412,0.516692,0.0120106,0.0291475,1.15999e-22,0.994142,0.00108297,0.00477479
111,2235,chr1,218705761,219590274,3.59054,7.33333,-1.33289,17.7375,15.3087,16.4045,0.040412,0.516692,0.0120106,0.0291475,4.01628e-10,0.983358,0.00201483,0.0146276
112,5140,chr1,219590766,221857359,3.4455,7.93103,-2.28329,20.5538,17.8646,18.2704,0.040412,0.516692,0.0120106,0.0291475,9.37775e-12,0.992724,0.00156767,0.00570878
113,744,chr1,221859861,222228891,2.60082,3.71429,-2.96969,-1.72531,-3.77418,-4.69714,0.040412,0.516692,0.0120106,0.0291475,0.00417803,0.185404,0.000555445,0.0005356
114,3012,chr1,222230500,224938379,2.71197,5.4563,-2.8143,6.44729,3.63877,3.63277,0.040412,0.516692,0.0120106,0.0291475,7.38607e-06,0.994014,0.00139316,0.00336074
115,4068,chr1,224938520,226810194,5.20886,5.16129,2.52557,1.15648,1.78192,3.68203,0.040412,0.516692,0.0120106,0.0291475,0.133668,0.434673,0.0188851,0.306452
116,5169,chr1,226811945,229155165,4.31445,10.3291,-0.793468,42.9905,39.7714,42.197,0.040412,0.516692,0.0120106,0.0291475,7.35913e-21,0.974238,0.000905648,0.0248561
117,2941,chr1,229157423,230684889,2.70163,3.7931,-2.79781,-1.97077,-4.53257,-4.76885,0.040412,0.516692,0.0120106,0.0291475,0.00516777,0.151078,0.000270995,0.000519256
118,3353,chr1,230685483,232089216,3.09023,3.87097,-2.19983,-1.9033,-3.4201,-4.1035,0.040412,0.516692,0.0120106,0.0291475,0.00925098,0.159106,0.000811492,0.000994313
119,3689,chr1,232091381,233427981,3.07571,3.39412,-2.79492,-2.3562,-4.05669,-5.15164,0.040412,0.516692,0.0120106,0.0291475,0.00544578,0.107973,0.000458284,0.000372086
120,3528,chr1,233431241,234598741,2.5427,3.75,-2.99563,-2.01709,-4.59342,-5.013,0.040412,0.516692,0.0120106,0.0291475,0.00427396,0.145388,0.000257025,0.000410007
121,2432,chr1,234600422,235818150,4.09619,5.14286,-1.81735,4.46582,2.54477,2.64824,0.040412,0.516692,0.0120106,0.0291475,0.000142966,0.978808,0.0033322,0.00896812
122,4403,chr1,235821850,237555417,2.65631,3.93939,-2.91849,-1.26722,-4.06245,-4.18588,0.040412,0.516692,0.0120106,0.0291475,0.00396826,0.264521,0.000375699,0.000805888
123,3079,chr1,237557130,238566581,3.34259,3.95349,-2.26134,-1.01776,-2.85416,-3.27942,0.040412,0.516692,0.0120106,0.0291475,0.00708419,0.314117,0.00116382,0.00184602
124,3570,chr1,238572051,239924558,3.26362,3.4375,-2.29153,-2.57678,-3.68706,-4.86889,0.040412,0.516692,0.0120106,0.0291475,0.00916933,0.0881411,0.00067503,0.000502454
125,1921,chr1,239926815,240563367,2.35519,3.51201,-3.09861,-2.6056,-5.41239,-5.70465,0.040412,0.516692,0.0120106,0.0291475,0.00412575,0.0863645,0.000121253,0.000219687
126,2316,chr1,240565144,241581604,3.75987,3.88889,-1.96374,-2.28503,-4.50257,-4.24898,0.040412,0.516692,0.0120106,0.0291475,0.012314,0.114178,0.000288971,0.000903697
127,1177,chr1,241582668,242071124,2.59352,2.8,-2.87141,-3.33796,-5.65928,-6.2103,0.040412,0.516692,0.0120106,0.0291475,0.00541591,0.0434286,9.90766e-05,0.00013858
128,3656,chr1,242072649,244106113,5.58038,6.19048,5.71336,7.99516,9.50672,13.7085,0.040412,0.516692,0.0120106,0.0291475,0.000438767,0.0549451,0.00579064,0.938811
129,2812,chr1,244114918,245506118,3.10543,4.24242,-2.66119,-1.12013,-3.50739,-3.78162,0.040412,0.516692,0.0120106,0.0291475,0.00491751,0.293588,0.000627045,0.00115675
130,5574,chr1,245520783,247343348,2.77938,3.92157,-2.82361,-1.68871,-4.18964,-4.51248,0.040412,0.516692,0.0120106,0.0291475,0.00479925,0.190886,0.000363887,0.000639437
131,1450,chr1,247344873,247936783,2.75329,2.90323,-2.94294,-3.12584,-5.68453,-6.06943,0.040412,0.516692,0.0120106,0.0291475,0.00499258,0.0531637,9.56585e-05,0.00015798
